{"k":[0.070500,0.001421,-0.011356,0.001429],"f":[0.186635,0.249286],"c":[0.0,0.0],"maxfov":250}